id	Janela	Sentence	tamanho da janela	Palavra alvo	Classe
22	e mil nomes no patuá do escravo ; seria uma casa no deserto	Se não fosse , se não se chamasse venda , teria outro e mil nomes no patuá do escravo ; seria uma casa no deserto , um sítio nas brenhas ; estaria na gruta da floresta , em um antro tomado às feras , mas onde iria sempre o escravo , o quilombola , vender o furto , embriagar-se , ultrajar a honra do senhor e de sua família , a quem detesta , engolfar-se em vícios , ouvir conselhos envenenados , inflamar-se em ódio , e habituar-se à idéia do crime filho da vingança ; porque o escravo , por melhor que seja tratado , é , em regra geral , pelo fato de ser escravo , sempre e natural e logicamente o primeiro e mais rancoroso inimigo de seu senhor .	13	escravo	escravo
22	, mas onde iria sempre o escravo , o quilombola , vender o	Se não fosse , se não se chamasse venda , teria outro e mil nomes no patuá do escravo ; seria uma casa no deserto , um sítio nas brenhas ; estaria na gruta da floresta , em um antro tomado às feras , mas onde iria sempre o escravo , o quilombola , vender o furto , embriagar-se , ultrajar a honra do senhor e de sua família , a quem detesta , engolfar-se em vícios , ouvir conselhos envenenados , inflamar-se em ódio , e habituar-se à idéia do crime filho da vingança ; porque o escravo , por melhor que seja tratado , é , em regra geral , pelo fato de ser escravo , sempre e natural e logicamente o primeiro e mais rancoroso inimigo de seu senhor .	13	escravo	escravo
22	filho da vingança ; porque o escravo , por melhor que seja tratado	Se não fosse , se não se chamasse venda , teria outro e mil nomes no patuá do escravo ; seria uma casa no deserto , um sítio nas brenhas ; estaria na gruta da floresta , em um antro tomado às feras , mas onde iria sempre o escravo , o quilombola , vender o furto , embriagar-se , ultrajar a honra do senhor e de sua família , a quem detesta , engolfar-se em vícios , ouvir conselhos envenenados , inflamar-se em ódio , e habituar-se à idéia do crime filho da vingança ; porque o escravo , por melhor que seja tratado , é , em regra geral , pelo fato de ser escravo , sempre e natural e logicamente o primeiro e mais rancoroso inimigo de seu senhor .	13	escravo	escravo
22	geral , pelo fato de ser escravo , sempre e natural e logicamente	Se não fosse , se não se chamasse venda , teria outro e mil nomes no patuá do escravo ; seria uma casa no deserto , um sítio nas brenhas ; estaria na gruta da floresta , em um antro tomado às feras , mas onde iria sempre o escravo , o quilombola , vender o furto , embriagar-se , ultrajar a honra do senhor e de sua família , a quem detesta , engolfar-se em vícios , ouvir conselhos envenenados , inflamar-se em ódio , e habituar-se à idéia do crime filho da vingança ; porque o escravo , por melhor que seja tratado , é , em regra geral , pelo fato de ser escravo , sempre e natural e logicamente o primeiro e mais rancoroso inimigo de seu senhor .	13	escravo	escravo
26	, imprescindivelmente adunada à vida do escravo ; sem ela , os suicídios	Não há ; porque a venda está intimamente presa , imprescindivelmente adunada à vida do escravo ; sem ela , os suicídios dos escravos espantariam pelas suas proporções .	13	escravo	escravo
28	o ninho , o antro do escravo é , antes da senzala ,	Não há rei sem trono , não há família sem lar , nem aves sem ninho , nem fera sem antro ; o trono , o lar , o ninho , o antro do escravo é , antes da senzala , a venda .	13	escravo	escravo
54	, nem os pés esparramados do negro trabalhador de enxada : era um	Havia em seus modos a expansão que só parece própria do homem livre : ele não tinha nem as mãos calejadas , nem os pés esparramados do negro trabalhador de enxada : era um escravo de cabelos penteados , vestido com asseio e certa faceirice , calçado , falando com os vícios de linguagem triviais no campo , mas sem a bruteza comum na gente da sua condição ; até certo ponto , pois , aceito , apadrinhado , protegido e acariciado pela família livre , pelo amor dos senhores .	13	negro	negro
54	trabalhador de enxada : era um escravo de cabelos penteados , vestido com	Havia em seus modos a expansão que só parece própria do homem livre : ele não tinha nem as mãos calejadas , nem os pés esparramados do negro trabalhador de enxada : era um escravo de cabelos penteados , vestido com asseio e certa faceirice , calçado , falando com os vícios de linguagem triviais no campo , mas sem a bruteza comum na gente da sua condição ; até certo ponto , pois , aceito , apadrinhado , protegido e acariciado pela família livre , pelo amor dos senhores .	13	escravo	escravo
75	dia em que ele se reconhece escravo , coisa e não homem ,	No amor dos senhores o crioulo estimado viu , sentiu , gozou os reflexos das flamas vivificantes , generosas , sagradas da liberdade : mas vem um dia em que ele se reconhece escravo , coisa e não homem , apesar da afeição , das condescendências , dos caridosos benefícios do senhor – amigo , da senhora – segunda mãe ; vem a primeira hora sinistra em que ele , que até então vivera em sonhos e ilusões , desperta com a certeza horrível de que é um condenado daquém-berço ; condenado sem crime ; tendo alma e considerado simples matéria ambulante ; coisa , animal , que se vende , como a casa , como o boi e como a besta ; finalmente miserável e perpétuo desterrado em deserto sem horizonte , tendo vida e não vivendo para si , desejando sem esperanças , não possuindo de seu nem o pleno direito dos três amores mais santos : o de filho , o de esposo , e o de pai ; máquina para cavar com a enxada , homem desnaturado , miséria respirante e movente que os próprios cães distinguem pela marca do desprezo social .	13	escravo	escravo
76	o bem supremo da terra , escravo se reconhece e bebe o ódio	O crioulo escravo e estimado , por isso mesmo que tem mais aguçada a inteligência , e por isso mesmo que deram-lhe as mostras dos gozos e da superioridade , mas não lhe deram a condição e a educação próprias do homem livre , pesa melhor que os escravos brutais o preço e o encanto da verdadeira liberdade ; no meio dos benefícios compreende que lhe falta um que vale mais do que todos os outros somados e multiplicados ; feliz pelos favores que recebe , pelos dons da afeição de que é objeto , esbarra sempre diante da realidade da escravidão , que o abate , avilta e moralmente o aniquila : deseja e não tem , quer e não pode , sonha e não realiza o bem supremo da terra , escravo se reconhece e bebe o ódio , os maus costumes , o veneno , a perversidade da escravidão .	13	escravo	escravo
77	como predileto da família , e escravo , portanto infeccionado de todos os	O crioulo escravo e estimado , em quem o amor e as condescendências do senhor animam e atiçam expansões naturais do amplo gozo da liberdade , mistura nos dias da reflexão mais sombria e triste a lembrança dos sabores do reflexo da liberdade com a ameaça e os negros horrores da escravidão ; habituado à impunidade garantida pela afeição , ousa muito e abusa ainda mais ; como predileto da família , e escravo , portanto infeccionado de todos os vícios e ferozes impulsos da madre-fera escravidão , insolente e malcriado , nem perfeitamente livre , nem absolutamente escravo , bom juiz odiento , pois que conhece as duas condições , e da melhor é bastardo , e da pior legítimo filho , o crioulo escravo e estimado de seu senhor , torna-se em breve tempo ingrato e muitas vezes leva a ingratidão a perversidade , porque é escravo .	13	escravo	escravo
77	nem perfeitamente livre , nem absolutamente escravo , bom juiz odiento , pois	O crioulo escravo e estimado , em quem o amor e as condescendências do senhor animam e atiçam expansões naturais do amplo gozo da liberdade , mistura nos dias da reflexão mais sombria e triste a lembrança dos sabores do reflexo da liberdade com a ameaça e os negros horrores da escravidão ; habituado à impunidade garantida pela afeição , ousa muito e abusa ainda mais ; como predileto da família , e escravo , portanto infeccionado de todos os vícios e ferozes impulsos da madre-fera escravidão , insolente e malcriado , nem perfeitamente livre , nem absolutamente escravo , bom juiz odiento , pois que conhece as duas condições , e da melhor é bastardo , e da pior legítimo filho , o crioulo escravo e estimado de seu senhor , torna-se em breve tempo ingrato e muitas vezes leva a ingratidão a perversidade , porque é escravo .	13	escravo	escravo
77	pior legítimo filho , o crioulo escravo e estimado de seu senhor ,	O crioulo escravo e estimado , em quem o amor e as condescendências do senhor animam e atiçam expansões naturais do amplo gozo da liberdade , mistura nos dias da reflexão mais sombria e triste a lembrança dos sabores do reflexo da liberdade com a ameaça e os negros horrores da escravidão ; habituado à impunidade garantida pela afeição , ousa muito e abusa ainda mais ; como predileto da família , e escravo , portanto infeccionado de todos os vícios e ferozes impulsos da madre-fera escravidão , insolente e malcriado , nem perfeitamente livre , nem absolutamente escravo , bom juiz odiento , pois que conhece as duas condições , e da melhor é bastardo , e da pior legítimo filho , o crioulo escravo e estimado de seu senhor , torna-se em breve tempo ingrato e muitas vezes leva a ingratidão a perversidade , porque é escravo .	13	escravo	escravo
78	absurdo ; explicam-se pela condição de escravo , que corrompe e perverte o	Mas a sua ingratidão e a sua perversidade não se explicam pela natureza da raça , o que seria absurdo ; explicam-se pela condição de escravo , que corrompe e perverte o homem .	13	escravo	escravo
86	como filho adotivo , e conservando-o escravo , sem o querer , sem	Domingos Caetano e Angélica não destinavam Simeão para trabalhador de enxada , e não o fizeram aprender ofício algum , nem lhe deram tarefa , e ocupação na fazenda : abandonando-o à quase completa ociosidade , tolerando seus abusos com fraqueza e cega condescendência , e , o que é pior , simulando às vezes exagerada severidade esquecida logo depois , ameaçando sem realizar jamais a ameaça do castigo , dando enfim ao crioulo facilidades para o passeio , não raramente dinheiro para suas despesas fúteis , amando-o como filho adotivo , e conservando-o escravo , sem o querer , sem o pensar , auxiliaram as depravações da cozinha que perverteram o vadio da fazenda .	13	escravo	escravo
88	promessa contida nas palavras referentes ao escravo ainda pequeno foi por muitas bocas	E a promessa contida nas palavras referentes ao escravo ainda pequeno foi por muitas bocas traduzida com acerto ao escravo mais tarde jovem , por turvo juízo que encerrava esperança dependente de morte .	13	escravo	escravo
88	muitas bocas traduzida com acerto ao escravo mais tarde jovem , por turvo	E a promessa contida nas palavras referentes ao escravo ainda pequeno foi por muitas bocas traduzida com acerto ao escravo mais tarde jovem , por turvo juízo que encerrava esperança dependente de morte .	13	escravo	escravo
91	dono de si próprio , Simeão escravo era já ingrato ; porque não	E , por aborrecimento da escravidão , pelo anelo da liberdade completa , pelo encanto de chegar a ser dono de si próprio , Simeão escravo era já ingrato ; porque não pensava mais que a morte de seu benfeitor fosse um sucesso lamentável .	13	escravo	escravo
98	já estava incubado na alma do escravo ; só faltava para desenvolvê-lo o	A escravidão já tinha com o seu cortejo lógico e quase sempre infalível de todos os sentimentos ruins , de todas as paixões ignóbeis , estragado o crioulo que talvez houvesse nascido com felizes disposições naturais : o ódio aos senhores já estava incubado na alma do escravo ; só faltava para desenvolvê-lo o calor mais forte da ação do domínio absoluto que desumaniza o homem a ele sujeito .	13	escravo	escravo
108	moça avançou um passo para o escravo e disse-lhe : – Entrega-me o	A moça avançou um passo para o escravo e disse-lhe : – Entrega-me o que furtaste : eu não direi nada e te perdoarei ... tu és doido e queres ser desgraçado ... Em vez de obedecer sem insolência e de curvar-se agradecido diante do anjo do perdão , o crioulo recuou , dizendo em alta voz : – É mentira !	13	escravo	escravo
127	a escravidão não comporta , o escravo tem o rancor e o desejo	Em falta de pundonor e de vergonha , que a escravidão não comporta , o escravo tem o rancor e o desejo da vingança .	13	escravo	escravo
128	está o emblema do rancor do escravo : às vezes há nas pontas	Nas pontas do açoite está o emblema do rancor do escravo : às vezes há nas pontas do açoite marcas de sangue .	13	escravo	escravo
199	horas , dias e noites simples escravo , e ainda ao aspecto do	Sem poder vencer-se , por momentos sensibilizava-se ao aspecto do corpo quase cadáver , e ao ruído abafado do soluçar da família ; mas , só por momentos homem , era horas , dias e noites simples escravo , e ainda ao aspecto do corpo quase cadáver do senhor , e ao ruído abafado do soluçar da família ocultava sob a exterioridade mentirosa de compunção e tristeza , o gelo , a indiferença ingrata e os instintos perversos escravidão .	13	escravo	escravo
200	senhor moribundo somente podia merecer do escravo o olhar fixo de vigia ,	O aborrecimento que ele já votava ao senhor dormia resfriado pela morte , que presumia próxima ; a morte , porém , era condição do sono do aborrecimento , e o senhor moribundo somente podia merecer do escravo o olhar fixo de vigia , insensível ao doloroso transe , esperando com aborrecido cansaço a última cena de um caso fastidioso .	13	escravo	escravo
203	em desatino , ele , o escravo , o animal composto de gelo	Viu sem se enternecer as lágrimas que Angélica chorara de joelhos , abraçando os pés de seu marido quase agonizante , e em um momento supremo , em que a todos se afigurou derradeiro transe de Domingos Caetano , e quando Florinda nesse desespero que olvida tudo , tudo e até o pudor de donzela , quando Florinda descabelada , delirante se lançava no leito de seu pai , e era dali arrancada por parentes , contra quem se debatia em desatino , ele , o escravo , o animal composto de gelo e ódio , ele teve olhos malvados , sacrílegos , infames que pastassem publicamente nos seios nus , nos seios virginais da donzela que se deixava em desconcerto de vestidos pelo mais sagrado desconcerto da razão .	13	escravo	escravo
269	livre fora virtude católica , no escravo era obrigação material , e portanto	Mas esse exercício da caridade que em um homem livre fora virtude católica , no escravo era obrigação material , e portanto não falava nem ao coração , nem a consciência .	13	escravo	escravo
276	, e nas obscenas imaginações de escravo desmoralizado e só idea-dor de gozos	O crioulo malcriado e infrene pelos hábitos da impunidade não se atrevia , é certo , a sonhar desejo criminoso e horrível contra a pureza angélica da senhora-moça ; mas no desprendimento licencioso da língua envenenada , e nas obscenas imaginações de escravo desmoralizado e só idea-dor de gozos materiais , apreciava a seu modo , e supunha exaltar , quando aviltava , as graças e os modos , o olhar , e o riso , as formas e os movimentos do corpo da senhora-moça ; e no meio das risadas dos parceiros , fazia o elogio dos dotes físicos de Florinda , como se tratasse da escrava libidinosa e corrupta , com quem na noite antecedente dançara o fado que apenas precedera a lubricidade brutal .	13	escravo	escravo
316	de viver liberto , como vives escravo : tu passas um vidão .	Não serás capaz de viver liberto , como vives escravo : tu passas um vidão .	13	escravo	escravo
390	e injustíssima : o juízo do escravo é infamemente torpe ; mas ele	O escravo não crê na pureza da donzela , nem na fidelidade da esposa mais nobre ; admite somente que a falta de oportunidade ou de ocasião para ser má seja o que mantém a honra das famílias ; a observação é cruel e injustíssima : o juízo do escravo é infamemente torpe ; mas ele julga conforme as idéias e a vida da escravidão .	13	escravo	escravo
394	Simeão comprara os cães e um negro escravo da cozinha , e entrava	Simeão comprara os cães e um negro escravo da cozinha , e entrava todas as noites na casa de João de Sales .	13	negro	negro
394	comprara os cães e um negro escravo da cozinha , e entrava todas	Simeão comprara os cães e um negro escravo da cozinha , e entrava todas as noites na casa de João de Sales .	13	escravo	escravo
397	Ainda bem que Simeão , o escravo , ali ia somente como animal	Ainda bem que Simeão , o escravo , ali ia somente como animal que o instinto arrasta em procura da sua igual ; se fora ladrão ou assassino tinha tido abertas a janela da sala e a porta da cozinha .	13	escravo	escravo
539	A porta abriu-se , e um negro escravo da fazenda de Domingos Caetano	A porta abriu-se , e um negro escravo da fazenda de Domingos Caetano , entrou precipitado , bradando : – Simeão !	13	negro	negro
539	porta abriu-se , e um negro escravo da fazenda de Domingos Caetano ,	A porta abriu-se , e um negro escravo da fazenda de Domingos Caetano , entrou precipitado , bradando : – Simeão !	13	escravo	escravo
579	a cozinha , murmurando automaticamente“escravo ... escravo ... ” Saiu para o campo	Turvo e como atoleimado , atravessou a cozinha , murmurando automaticamente“escravo ... escravo ... ” Saiu para o campo , e como se falasse às árvores , aos animais , ao espaço , repetia sempre : “ escravo ... escravo ... ” Não refletia , não podia refletir ; tinha a alma cheia de uma só idéia , que o afrontava , semelhante ao pesadelo do sono do criminoso ; respirava , sentia , ouvia , dizia só essa idéia : “ escravo ... escravo ... ” Instintivamente e sem consciência tomou a estrada que o levava de costume à venda : ia sem ver por onde ia , tropeçou em uma pedra , caiu e feriu-se na cabeça ; a dor chamou-o não à razão , mas ao refletido ressentimento do seu desencanto ; sentou-se e apoiou a fronte sobre os joelhos , e nem percebeu o sangue que lhe corria da cabeça ferida .	13	escravo	escravo
579	espaço , repetia sempre : “ escravo ... escravo ... ” Não refletia	Turvo e como atoleimado , atravessou a cozinha , murmurando automaticamente“escravo ... escravo ... ” Saiu para o campo , e como se falasse às árvores , aos animais , ao espaço , repetia sempre : “ escravo ... escravo ... ” Não refletia , não podia refletir ; tinha a alma cheia de uma só idéia , que o afrontava , semelhante ao pesadelo do sono do criminoso ; respirava , sentia , ouvia , dizia só essa idéia : “ escravo ... escravo ... ” Instintivamente e sem consciência tomou a estrada que o levava de costume à venda : ia sem ver por onde ia , tropeçou em uma pedra , caiu e feriu-se na cabeça ; a dor chamou-o não à razão , mas ao refletido ressentimento do seu desencanto ; sentou-se e apoiou a fronte sobre os joelhos , e nem percebeu o sangue que lhe corria da cabeça ferida .	13	escravo	escravo
579	repetia sempre : “ escravo ... escravo ... ” Não refletia , não	Turvo e como atoleimado , atravessou a cozinha , murmurando automaticamente“escravo ... escravo ... ” Saiu para o campo , e como se falasse às árvores , aos animais , ao espaço , repetia sempre : “ escravo ... escravo ... ” Não refletia , não podia refletir ; tinha a alma cheia de uma só idéia , que o afrontava , semelhante ao pesadelo do sono do criminoso ; respirava , sentia , ouvia , dizia só essa idéia : “ escravo ... escravo ... ” Instintivamente e sem consciência tomou a estrada que o levava de costume à venda : ia sem ver por onde ia , tropeçou em uma pedra , caiu e feriu-se na cabeça ; a dor chamou-o não à razão , mas ao refletido ressentimento do seu desencanto ; sentou-se e apoiou a fronte sobre os joelhos , e nem percebeu o sangue que lhe corria da cabeça ferida .	13	escravo	escravo
579	dizia só essa idéia : “ escravo ... escravo ... ” Instintivamente e	Turvo e como atoleimado , atravessou a cozinha , murmurando automaticamente“escravo ... escravo ... ” Saiu para o campo , e como se falasse às árvores , aos animais , ao espaço , repetia sempre : “ escravo ... escravo ... ” Não refletia , não podia refletir ; tinha a alma cheia de uma só idéia , que o afrontava , semelhante ao pesadelo do sono do criminoso ; respirava , sentia , ouvia , dizia só essa idéia : “ escravo ... escravo ... ” Instintivamente e sem consciência tomou a estrada que o levava de costume à venda : ia sem ver por onde ia , tropeçou em uma pedra , caiu e feriu-se na cabeça ; a dor chamou-o não à razão , mas ao refletido ressentimento do seu desencanto ; sentou-se e apoiou a fronte sobre os joelhos , e nem percebeu o sangue que lhe corria da cabeça ferida .	13	escravo	escravo
579	essa idéia : “ escravo ... escravo ... ” Instintivamente e sem consciência	Turvo e como atoleimado , atravessou a cozinha , murmurando automaticamente“escravo ... escravo ... ” Saiu para o campo , e como se falasse às árvores , aos animais , ao espaço , repetia sempre : “ escravo ... escravo ... ” Não refletia , não podia refletir ; tinha a alma cheia de uma só idéia , que o afrontava , semelhante ao pesadelo do sono do criminoso ; respirava , sentia , ouvia , dizia só essa idéia : “ escravo ... escravo ... ” Instintivamente e sem consciência tomou a estrada que o levava de costume à venda : ia sem ver por onde ia , tropeçou em uma pedra , caiu e feriu-se na cabeça ; a dor chamou-o não à razão , mas ao refletido ressentimento do seu desencanto ; sentou-se e apoiou a fronte sobre os joelhos , e nem percebeu o sangue que lhe corria da cabeça ferida .	13	escravo	escravo
594	apetite de hiena no coração do escravo , é fazê-lo aspirar à morte	Dar por prazo da liberdade a morte de alguém é excitar um apetite de hiena no coração do escravo , é fazê-lo aspirar à morte de quem enquanto vivo lhe demora a alforria .	13	escravo	escravo
595	crápula , ingrato pela condição de escravo , sem educação e sem hábito	Simeão , o crioulo mimoso , perdido , malcriado pelas afetuosas condescendências e fraquezas dos senhores em casa , pervertido pelos deboches da venda e pelo veneno da crápula , ingrato pela condição de escravo , sem educação e sem hábito de trabalho , contando com a liberdade , e não a conseguindo , era um perverso armado loucamente contra seus senhores pelas mãos de seus senhores .	13	escravo	escravo
598	, inoculando no coração do pequeno escravo predileto as noções do dever ,	Ao senhor que se afeiçoa do crioulo que vê nascer e cria com amor , cumpre completar o favor dos sentimentos com o favor da educação , inoculando no coração do pequeno escravo predileto as noções do dever , o ensino da religião , a virtude da paciência , a obrigação do trabalho que moraliza e nobilita o homem , do trabalho não do homem máquina , mas do homem inteligência e coração .	13	escravo	escravo
599	um amigo , porque enfim é escravo , e portanto um oprimido pela	O escravo assim criado pode não ser um amigo , porque enfim é escravo , e portanto um oprimido pela prepotência do senhor ainda mesmo bom ; é , porém , em regra , um homem agradecido , que esquece o forçado aviltamento da sua condição pela lembrança inteligente dos benefícios recebidos .	13	escravo	escravo
600	amor cego que não educa o escravo simpático ou preferido , que o	Mas o amor cego que não educa o escravo simpático ou preferido , que o abandona aos instintos , aos sentimentos baixos , às inspirações malévolas da escravidão , que é água encharcada e foco de miasmas , que o aquece ou o cria por traiçoeira , mal pensada compaixão na ociosidade , que é a placenta de todos os vícios , alimenta , aquece , fortifica um desgraçado que é sempre ingrato por ser escravo , e às vezes inimigo pela reação do oprimido .	13	escravo	escravo
600	que é sempre ingrato por ser escravo , e às vezes inimigo pela	Mas o amor cego que não educa o escravo simpático ou preferido , que o abandona aos instintos , aos sentimentos baixos , às inspirações malévolas da escravidão , que é água encharcada e foco de miasmas , que o aquece ou o cria por traiçoeira , mal pensada compaixão na ociosidade , que é a placenta de todos os vícios , alimenta , aquece , fortifica um desgraçado que é sempre ingrato por ser escravo , e às vezes inimigo pela reação do oprimido .	13	escravo	escravo
603	se afasta do cadáver : o escravo crioulo , antes de matar ,	O escravo africano mata o senhor , e se afasta do cadáver : o escravo crioulo , antes de matar , atormenta e ri das agonias do senhor , e depois de matar insulta e esquarteja o cadáver .	13	escravo	escravo
608	Ninguém dissimula melhor do que o escravo : sua condição sempre passiva ,	Ninguém dissimula melhor do que o escravo : sua condição sempre passiva , a obrigação da obediência sem limite e sem reflexão , o temor do castigo , a necessidade de esconder o ressentimento para não excitar a cólera ameaçadora do senhor , o hábito da mentira , enfim , fazem do escravo o tipo da dissimulação .	13	escravo	escravo
636	, com perdão senhoras , um escravo desmoralizado , e talvez seja por	– Ele é , com perdão senhoras , um escravo desmoralizado , e talvez seja por exceção ou milagre um liberto de bons costumes .	13	escravo	escravo
650	Estava ainda pensando com alma de escravo que não sonhava com a liberdade	Estava ainda pensando com alma de escravo que não sonhava com a liberdade no dia seguinte .	13	escravo	escravo
689	lados dessa porta : o outro negro recebeu a lanterna e seguiu a	Chegados à sala de jantar o crioulo mostrou ao lado direito a porta do aposento de Hermano e de Florinda ; dois dos perversos , o Barbudo e um dos negros colocaram-se aos lados dessa porta : o outro negro recebeu a lanterna e seguiu a Simeão que avançou para a frente e entrou no quarto de dormir de sua senhora .	13	negro	negro
702	com o Barbudo e o outro negro que levava a lanterna , voltou	Simeão , esquecendo o golpe que recebera , e o sangue que do ombro lhe corria , deixou um dos negros na sala onde estavam os dois cadáveres e com o Barbudo e o outro negro que levava a lanterna , voltou ao quarto da senhora assassinada , arrombou facilmente a gaveta da velha mesa , e apoderando-se de uma grossa chave , foi ao fundo do quarto , arrancou precipitado uma cortina de chita que cobria pequena parte da parede e mostrando em grande vão que havia nesta uma caixa de jacarandá chapeada de ferro , abriu rápido duas fechaduras , e escancarou a caixa que estava cheia de pequenos sacos contendo moedas de ouro e prata .	13	negro	negro
703	colheita dos despojos correu o outro escravo que ficara na sala ; imediatamente	Os três ladrões lançaram-se ao tesouro : ao ruído da colheita dos despojos correu o outro escravo que ficara na sala ; imediatamente porém rompeu a vozeria e o estrépito do combate ao pé da casa .	13	escravo	escravo
711	A lei de exceção matou o escravo e deixou com vida o Barbudo	A lei de exceção matou o escravo e deixou com vida o Barbudo tão celerado como ele , ou , se é possível , mais celerado que ele .	13	escravo	escravo
714	lei na regra mortífera contra o escravo ; porque e uma iniqüidade de	É imoral a exceção da lei na regra mortífera contra o escravo ; porque e uma iniqüidade de mais imposta embora pela necessidade de aterrar os escravos , necessidade que manifesta as aberrações de todas as noções do direito e da justiça , a que a existência da escravidão obriga a sociedade , a quem castiga , e de quem se vinga , corrompendo-a .	13	escravo	escravo
718	que Simeão , se não fosse escravo , poderia não ter sido nem	Pois eu vos digo que Simeão , se não fosse escravo , poderia não ter sido nem ingrato , nem perverso .	13	escravo	escravo
745	comprador que tomou e pagou o escravo , pôde pela força que não	Nessa importação inqualificável e forçada do homem , a prepotência do importador que vendeu e do comprador que tomou e pagou o escravo , pôde pela força que não é direito , reduzir o homem a coisa , a objeto material de propriedade , a instrumento de trabalho ; mas não pôde separar do homem importado os costumes , as crenças absurdas , as idéias falsas de uma religião extravagante , rudemente supersticiosa , e eivada de ridículos e estúpidos prejuízos .	13	escravo	escravo
746	um momento sobre a alma do escravo : comprara-lhe os braços , o	Nunca houve comprador de africano importado , que pensasse um momento sobre a alma do escravo : comprara-lhe os braços , o corpo para o trabalho ; esquecera-lhe a alma ; também se a tivesse conscienciosamente lembrado , não compraria o homem , seu irmão diante de Deus .	13	escravo	escravo
755	mão e o tratamento fraternal ao escravo ; mas adotou e conserva as	No Brasil a gente livre mais rude nega , como o faz a civilizada , a mão e o tratamento fraternal ao escravo ; mas adotou e conserva as fantasias pavorosas , as superstições dos míseros africanos , entre os quais avulta por mais perigosa e nociva a crença do feitiço .	13	escravo	escravo
758	; o sacerdote é um africano escravo , ou algum digno descendente e	O pagode é de ordinário uma casa solitária ; o sacerdote é um africano escravo , ou algum digno descendente e discípulo seu , embora livre ou liberto , e nunca falta a sacerdotisa da sua igualha ; o culto é de noite à luz das candeias ou do braseiro ; as cerimônias e os mistérios de incalculável variedade , conforme a imaginação mais ou menos assanhada dos embusteiros .	13	escravo	escravo
760	do índio do Brasil e do negro d’África ; vêem-se talismãs rústicos ,	Soam os grosseiros instrumentos que lembram as festas selvagens do índio do Brasil e do negro d’África ; vêem-se talismãs rústicos , símbolos ridículos ; ornamentam-se o sacerdote e a sacerdotisa com penachos e adornos emblemáticos e de vivas cores ; prepara-se ao fogo , ou na velha imunda mesa , beberagem desconhecida , infusão de raízes enjoativas e quase sempre ou algumas vezes esquálida ; o sacerdote rompe em dança frenética , terrível , convulsiva , e muitas vezes , como a sibila , se estorce no chão : a sacerdotisa anda como doida , entra e sai , e volta para tornar a sair , lança ao fogo folhas e raízes que enchem de fumo sufocante e de cheiro ativo e desagradável a infecta sala , e no fim de uma hora de contorsões e de dança de demônio , de ansiedade e de corrida louca da sócia do embusteiro , ela volta enfim do quintal , onde nada viu , e anuncia a chegada do gênio , do espírito , do deus do feitiço , para o qual há vinte nomes cada qual mais burlesco e mais brutal .	13	negro	negro
767	e fraqueza são cativos de um escravo , deixando-se dominar pelo grande feiticeiro	Desse culto grotesco , esquálido da feitiçaria sai o gérmen da desmoralização de muitas famílias , cujos chefes por superstição e fraqueza são cativos de um escravo , deixando-se dominar pelo grande feiticeiro .	13	escravo	escravo
776	que poucas exceções concede , o negro escravo acredita no poder do feiticeiro	Em regra que poucas exceções concede , o negro escravo acredita no poder do feiticeiro , como o velho muçulmano no alcorão de Maomé .	13	negro	negro
776	poucas exceções concede , o negro escravo acredita no poder do feiticeiro ,	Em regra que poucas exceções concede , o negro escravo acredita no poder do feiticeiro , como o velho muçulmano no alcorão de Maomé .	13	escravo	escravo
782	entre os escravos existe , o negro herbolário , o botânico prático que	O feiticeiro das fazendas e dos estabelecimentos rurais , ainda mesmo dos mais modestos , é , se infelizmente entre os escravos existe , o negro herbolário , o botânico prático que conhece as propriedades e a ação terrível de raízes , folhas e frutas que debilitam , enlouquecem , e fazem morrer o homem ; que abatem com as forças físicas a força moral do homem , e ao que eles chamam – amansar o senhor ; que excitam a luxúria , e os instintos animais ; que atacam o cérebro e corrompem a razão ; que envenenam pouco a pouco dilacerando o estômago e os intestinos até matar no fim de horríveis tormentos , ou que de repente , em poucas horas , em breves minutos assassinam , como o tiro do bacamarte , mas sem o ruído do tiro do bacamarte .	13	negro	negro
784	nos venenos vegetais d’África , o negro atiçou a inteligência para fazer o	a rude experiência própria ou a revelação fraternal que o prepararam na África e que mais o armam , escravo na colônia escravagista : iniciado nos venenos vegetais d’África , o negro atiçou a inteligência para fazer o mal , vendo-se escravo ; recolheu e guardou a rude ciência dos olhos que distinguem as plantas ; onde foi , procurou , experimentou , achou vegetais venéficos ; conheceu uns pela experiência de outros escravos , foi ensaiando muitos nos animais domésticos , no gado da fazenda ; no aspecto , no sabor , no cheiro adivinhou às vezes o veneno nas flores , nos frutos , nas raízes do cipó , do arbusto , da árvore ; preparou assim sua ciência prática , misturou-a com sacrilegas rezas , com imprecações e votos desprezíveis e com uma química extravagante , imunda , nojenta que compõe cozimentos e infusões em que dez ou mais substâncias inertes ou apenas asquerosas se ajuntam com uma que é o veneno que opera .	13	negro	negro
784	e que mais o armam , escravo na colônia escravagista : iniciado nos	a rude experiência própria ou a revelação fraternal que o prepararam na África e que mais o armam , escravo na colônia escravagista : iniciado nos venenos vegetais d’África , o negro atiçou a inteligência para fazer o mal , vendo-se escravo ; recolheu e guardou a rude ciência dos olhos que distinguem as plantas ; onde foi , procurou , experimentou , achou vegetais venéficos ; conheceu uns pela experiência de outros escravos , foi ensaiando muitos nos animais domésticos , no gado da fazenda ; no aspecto , no sabor , no cheiro adivinhou às vezes o veneno nas flores , nos frutos , nas raízes do cipó , do arbusto , da árvore ; preparou assim sua ciência prática , misturou-a com sacrilegas rezas , com imprecações e votos desprezíveis e com uma química extravagante , imunda , nojenta que compõe cozimentos e infusões em que dez ou mais substâncias inertes ou apenas asquerosas se ajuntam com uma que é o veneno que opera .	13	escravo	escravo
784	para fazer o mal , vendo-se escravo ; recolheu e guardou a rude	a rude experiência própria ou a revelação fraternal que o prepararam na África e que mais o armam , escravo na colônia escravagista : iniciado nos venenos vegetais d’África , o negro atiçou a inteligência para fazer o mal , vendo-se escravo ; recolheu e guardou a rude ciência dos olhos que distinguem as plantas ; onde foi , procurou , experimentou , achou vegetais venéficos ; conheceu uns pela experiência de outros escravos , foi ensaiando muitos nos animais domésticos , no gado da fazenda ; no aspecto , no sabor , no cheiro adivinhou às vezes o veneno nas flores , nos frutos , nas raízes do cipó , do arbusto , da árvore ; preparou assim sua ciência prática , misturou-a com sacrilegas rezas , com imprecações e votos desprezíveis e com uma química extravagante , imunda , nojenta que compõe cozimentos e infusões em que dez ou mais substâncias inertes ou apenas asquerosas se ajuntam com uma que é o veneno que opera .	13	escravo	escravo
790	desses feiticeiros , encontrareis nele um negro escravo ... ou algum seu iniciado	E sempre que puserdes a mão em um desses feiticeiros , encontrareis nele um negro escravo ... ou algum seu iniciado .	13	negro	negro
790	feiticeiros , encontrareis nele um negro escravo ... ou algum seu iniciado .	E sempre que puserdes a mão em um desses feiticeiros , encontrareis nele um negro escravo ... ou algum seu iniciado .	13	escravo	escravo
791	tomai sentido e precauções : o escravo , não nos cansaremos de o	E tomai sentido e precauções : o escravo , não nos cansaremos de o repetir , é antes de tudo natural inimigo de seu senhor ; e o escravo que é feiticeiro , sabe matar .	13	escravo	escravo
791	de seu senhor ; e o escravo que é feiticeiro , sabe matar	E tomai sentido e precauções : o escravo , não nos cansaremos de o repetir , é antes de tudo natural inimigo de seu senhor ; e o escravo que é feiticeiro , sabe matar .	13	escravo	escravo
799	celebridade ruim de um ou outro escravo : não comprava homens , comprava	Paulo Borges , pois , era dominado por esse fraco da sua natureza de lavrador mais que abastado : onde havia terras a vender junto ou perto das suas , ele as tomava , ainda por elevado preço , imobilizando assim avultadas somas ; se notícias lhe chegavam de arrematação de escravos na vila , ou de venda de alguns nas proximidades da sua fazenda , arrancava-se aos encantos da roça , e lá ia realizar a compra : jamais se ocupara de tomar informações sobre a moralidade , ou antes sobre os graus de desmoralização da gente que introduzia na sua fazenda , nem lhe importava a celebridade ruim de um ou outro escravo : não comprava homens , comprava máquinas ; queria braços e não corações ; além disso tendo fama , e gabando-se de senhor severo e forte , entrava nos seus timbres amansar os negros altanados e incorrigíveis .	13	escravo	escravo
801	; deu suas ordens a um escravo que na sua falta servia de	Cinco anos depois do seu casamento , Paulo Borges deixou de ir à roça uma manhã ; deu suas ordens a um escravo que na sua falta servia de feitor , vestiu-se com algum esmero , e , almoço acabado , tomou o chapéu para sair .	13	escravo	escravo
806	Entre eles vinha Pai-Raiol , um negro feio e já desfigurado por moléstia	Entre eles vinha Pai-Raiol , um negro feio e já desfigurado por moléstia ou por castigos .	13	negro	negro
810	o rir aliás muito raro desse negro era hediondo por semelhante deformidade ;	Era um negro africano de trinta a trinta e seis anos de idade , um dos últimos importados da África pelo tráfico nefando : homem de baixa estatura , tinha o corpo exageradamente maior que as pernas ; a cabeça grande , os olhos vesgos , mas brilhantes e impossíveis de se resistir à fixidade do seu olhar pela impressão incômoda do estrabismo duplo , e por não sabermos que fluição de magnetismo infernal ; quanto ao mais , mostrava os caracteres físicos da sua raça ; trazia porém nas faces cicatrizes vultuosas de sarjaduras recebidas na infância : um golpe de azorrague lhe partira pelo meio o lábio superior , e a fenda resultante deixara a descoberto dois dentes brancos , alvejantes , pontudos , dentes caninos que pareciam ostentar-se ameaçadores ; sua boca era pois como mal fechada por três lábios ; dois superiores e completamente separados , e um inferior perfeito : o rir aliás muito raro desse negro era hediondo por semelhante deformidade ; a barda retorcida e pobre que ele tinha mal crescida no queixo , como erva mesquinha em solo árido , em vez de ornar afeiava-lhe o semblante ; uma de suas orelhas perdera o terço da concha na parte superior cortada irregularmente em violência de castigo ou em furor de desordem ; e finalmente braços longos prendendo-se a mãos descomunais que desciam à altura dos joelhos completavam-lhe o aspecto repugnante da figura mais antipática .	13	negro	negro
818	que mantinha a consoladora sociedade do negro e da negra que se diziam	Paulo Borges não dava importância a essas ligações de escravo e escrava ; mas , pois que a do Pai-Raiol e de Esméria lhe aproveitava , reputou afortunada a compra que mantinha a consoladora sociedade do negro e da negra que se diziam amar .	13	negro	negro
818	dava importância a essas ligações de escravo e escrava ; mas , pois	Paulo Borges não dava importância a essas ligações de escravo e escrava ; mas , pois que a do Pai-Raiol e de Esméria lhe aproveitava , reputou afortunada a compra que mantinha a consoladora sociedade do negro e da negra que se diziam amar .	13	escravo	escravo
821	impressão repulsiva que experimentara vendo o negro ; sentiu que a sua antipatia	Teresa lembrou-se da impressão repulsiva que experimentara vendo o negro ; sentiu que a sua antipatia achasse explicáveis fundamentos , e gostando que uma escrava tivesse podido domar o escravo enfezado e indisciplinável , pois que por fim de contas era sempre a mulher dominando o homem da sua igualha ou condição , teve curiosidade de ver Esméria , e no dia seguinte , quando ao anoitecer chegaram os escravos da roça , mandou-a chamar .	13	negro	negro
821	uma escrava tivesse podido domar o escravo enfezado e indisciplinável , pois que	Teresa lembrou-se da impressão repulsiva que experimentara vendo o negro ; sentiu que a sua antipatia achasse explicáveis fundamentos , e gostando que uma escrava tivesse podido domar o escravo enfezado e indisciplinável , pois que por fim de contas era sempre a mulher dominando o homem da sua igualha ou condição , teve curiosidade de ver Esméria , e no dia seguinte , quando ao anoitecer chegaram os escravos da roça , mandou-a chamar .	13	escravo	escravo
863	que desenfreia os instintos animais do escravo , únicos que o mantêm animal	Não bebia , e detestava o fumo : escrava , desconhecia as duas repugnantes consolações da escravidão , a dupla embriaguez da aguardente e do cachimbo ; mas em compensação era possessa do demônio da luxúria , que é o demônio torpe que desenfreia os instintos animais do escravo , únicos que o mantêm animal a despeito da prepotência que teima em reduzi-lo a simples coisa material .	13	escravo	escravo
869	amor , a que o refalsado negro africano nunca seria suscetível de dobrar-se	Não era Esméria que dominava o Pai-Raiol pelo encanto do amor , a que o refalsado negro africano nunca seria suscetível de dobrar-se ; era a possessão como magnética da crioula pelo Pai-Raiol que sujeitava ela a ele .	13	negro	negro
877	outra três cobras ameaçadoras ; o negro fixou os olhos sobre elas ,	Uma vez , Raiol conduziu Esméria ao bosque e parando em um lugar onde mais se cerrava o cipoal assobiou por vezes , imitando os silvos das serpentes ; em breve acudiram uma depois de outra três cobras ameaçadoras ; o negro fixou os olhos sobre elas , segurou junto da cabeça em uma que se enrolou em seu braço , depois deixou-a livre e assim enrolada , ameigou- a , tirou-a do braço , guardou-a no seio e por fim soltou-a no chão ; e enquanto a crioula recuava tremendo de medo , repetiu o mesmo brinco , ou a mesma operação com outra cobra .	13	negro	negro
887	contra a violência que o tornara escravo , provocava a fadiga , atormentava-se	Paulo Borges admirava-lhe em silêncio o amor do trabalho ; mas Raiol não trabalhava com amor , trabalhava com raiva : dir-se-ia que intimamente revoltado contra a violência que o tornara escravo , provocava a fadiga , atormentava-se nos deveres obrigados da escravidão para mais atiçar as fúrias que esta acendera em seu seio .	13	escravo	escravo
901	ou seduzir : a voz do escravo feitor que procurava informar-se das ausências	O Pai-Raiol nem por esse encanto se deixara jamais vencer , ou seduzir : a voz do escravo feitor que procurava informar-se das ausências severamente proibidas , era sempre respondida pelo escravo da senzala isolada .	13	escravo	escravo
902	que desabonavam e comprometiam o seu escravo mais diligente e mais sossegado .	Paulo Borges que zombava da crença do feitiço e que não esquecia o vigor fervente da sua melhor enxada , desprezava as suspeitas de feitiçaria que desabonavam e comprometiam o seu escravo mais diligente e mais sossegado .	13	escravo	escravo
907	senhor velava ... A senzala do escravo ameaçava , como sempre , a	O natural inimigo do senhor velava ... A senzala do escravo ameaçava , como sempre , a casa do senhor .	13	escravo	escravo
914	... O zumbi era um monstro negro e imaginário , herói sinistro de	Luís , o filho mais velho de Paulo Borges e Teresa , menino de quatro anos , tinha um dia visto chegar da roça o Pai-Raiol e desatara a chorar assustado ; sua mãe correra a tomá-lo nos braços , e , perguntando-lhe porque chorava , o pobre anjinho apontara para o feio escravo , e dissera a soluçar : – É o zumbi ... o zumbi ... O zumbi era um monstro negro e imaginário , herói sinistro de estúpidas e horríveis histórias , com que as escravas , em vez de entreter , assombravam o nervoso menino com a mais lamentável e perigosa inconveniência , o que aliás é infelizmente muito comum em nossas famílias .	13	negro	negro
914	pobre anjinho apontara para o feio escravo , e dissera a soluçar :	Luís , o filho mais velho de Paulo Borges e Teresa , menino de quatro anos , tinha um dia visto chegar da roça o Pai-Raiol e desatara a chorar assustado ; sua mãe correra a tomá-lo nos braços , e , perguntando-lhe porque chorava , o pobre anjinho apontara para o feio escravo , e dissera a soluçar : – É o zumbi ... o zumbi ... O zumbi era um monstro negro e imaginário , herói sinistro de estúpidas e horríveis histórias , com que as escravas , em vez de entreter , assombravam o nervoso menino com a mais lamentável e perigosa inconveniência , o que aliás é infelizmente muito comum em nossas famílias .	13	escravo	escravo
946	estremeceu , reconhecendo a voz do negro terrível , mas apressou-se a recebê-lo	Uma noite e já tarde , o Pai-Raiol foi bater de manso à porta da senzala de Esméria que , ou ainda não dormia , ou acordando fácil , estremeceu , reconhecendo a voz do negro terrível , mas apressou-se a recebê-lo .	13	negro	negro
952	, mas pátrio , o rancoroso escravo apesar de trazido ao Brasil há	Por negação , incapacidade ou enfim por amor de sua língua ou dialeto selvagem , mas pátrio , o rancoroso escravo apesar de trazido ao Brasil há cerca de vinte anos , exprimia-se mal e deformemente em português , introduzindo muitas vezes na sua agreste conversação juras e frases africanas .	13	escravo	escravo
967	mim ... bem sabe ... O negro sacudiu com a cabeça , e	– Pai-Raiol , foi você que se aborreceu de mim ... bem sabe ... O negro sacudiu com a cabeça , e tornou com voz comprimida e alterada : – Pai-raiol teve raiva de Esméria que andava como garrafa de cachaça no fado ... teve raiva , e quis matá-la ... para não matá-la ... empurrou-a ... A crioula tremeu .	13	negro	negro
991	que o segredo desaparecera , o negro tornou-se mais exigente e aos domingos	Entretanto e por isso mesmo que o segredo desaparecera , o negro tornou-se mais exigente e aos domingos e dias santificados reclamava com renitência a companhia de Esméria , que raramente podia condescender nesse ponto , presa como se achava ao serviço interno da casa da família .	13	negro	negro
998	passeia , quando quer : o negro da roça é pior do que	– O cachorro é melhor ; passeia , quando quer : o negro da roça é pior do que o cachorro ; mas é melhor que Esméria , porque tem domingo .	13	negro	negro
1018	, como acabava de dizer o negro , muito mais bonita e elegante	Todavia Esméria estava convencida de que era , como acabava de dizer o negro , muito mais bonita e elegante do que sua senhora .	13	negro	negro
1044	crioula não respondeu ; mas o negro fixou os olhos na ninhada de	A crioula não respondeu ; mas o negro fixou os olhos na ninhada de pintainhos , como se os quisesse absorver nas órbitas .	13	negro	negro
1046	Esméria considerava , contemplava ansiosa o negro que , imóvel e de olhos	Esméria considerava , contemplava ansiosa o negro que , imóvel e de olhos fitos , mirava a ninhada infeliz .	13	negro	negro
1071	que a escrava , como o escravo , são fontes de venenos abertas	Dizei , se o ousais , que não é assim ; negai que se tenham dado , que se dêem ainda hoje exemplos fatais de tão formidável infortúnio doméstico ; e , se não ousais dizê-lo , se não podeis negá-lo , reconhecei que nos temos desmoralizado , que nos desmoralizamos pela influência da escravidão ; que a escrava , como o escravo , são fontes de venenos abertas e conservadas em nossas casas ; reconhecei sobretudo que no Brasil quem mais padece , quem mais se atormenta , quem mais se arrisca , quem mais vezes sofre vilipêndio pela existência da escravidão é a mulher livre ; é a mãe de família , é a senhora , a pobre martirizada de todas as horas , a pobre vítima algumas vezes indignamente ultrajada na esteira da escrava .	13	escravo	escravo
1073	amava Teresa ; mas , grosseiro escravo da sensualidade , sofismava para desculpar-se	Paulo Borges amava Teresa ; mas , grosseiro escravo da sensualidade , sofismava para desculpar-se do crime de lesa-fidelidade à esposa , contando que o mistério e o segredo escondessem sua degradação , a ofensa que irrogara a sua mulher e jurando a si próprio que não seria duas vezes adúltero , procurando Esméria .	13	escravo	escravo
1139	do Pai-Raiol : coabitava com um escravo da fazenda de quem tinha dois	Era também crioula a negra que se isentava do Pai-Raiol : coabitava com um escravo da fazenda de quem tinha dois filhos ; cansada das perseguições daquele , lançou-lhe em rosto a sua hediondez , enquanto o companheiro ameaçou-o e provocou-o com injúrias atiradas principalmente deformidades de seu rosto e aos seus senões físicos .	13	escravo	escravo
1146	tornarem raras : quando o terrível negro queria ou precisava falar à crioula	As visitas feitas em desoras por Esméria à senzala do Pai-Raiol tinham por cautela exagerada diminuído ao ponto de se tornarem raras : quando o terrível negro queria ou precisava falar à crioula , fazia o sinal convencionado e nunca em vão esperava .	13	negro	negro
1166	senhor que sou perseguida ... O negro pôs-se a rir com o seu	– Pois bem : eu direi ao senhor que sou perseguida ... O negro pôs-se a rir com o seu medonho riso : ele sabia que a crioula não era menos devassa que dantes .	13	negro	negro
1225	: o Pai-Raiol é um mau negro que , se puder , se	– Bem que Pai-Raiol mostre agora detestar-me e fuja de mim , como de inimigo de quem tem medo : o Pai-Raiol é um mau negro que , se puder , se vingará de mim ; mas além dele há tantos ! ...	13	negro	negro
1291	senhor exasperava-se por continuar escrava do escravo mais hediondo ; ela , porém	A escrava tornada senhora do desprezível senhor exasperava-se por continuar escrava do escravo mais hediondo ; ela , porém , não ousava arrostar Pai-Raiol o feiticeiro , o rei das serpentes , o demônio que matava de longe com os olhos : poderia facilmente conseguir que Paulo Borges mandasse vender em outro município ou em outra província o seu detestável sócio ; já tinha pensado nesse recurso ; mas sua imaginação lhe representava sempre o Pai-Raiol vivo e voltando vingativo e terrível para tomar-lhe contas e matá-la sem piedade , ou para denunciar o seu crime , como envenenadora de Teresa .	13	escravo	escravo
1292	do terror que lhe causava o negro africano , a crioula vaidosa e	Assim , pois , abafando no coração a raiva , e sempre sob a influência do terror que lhe causava o negro africano , a crioula vaidosa e soberba continuava a obedecer ao Pai-Raiol , que era ainda o seu amante tornado então repugnante para ela , que todavia apenas escutava o silvo da serpente , corria trêmula , coagida , dentro de si revoltada , mas fingindo-se contente e afetuosa quando se mostrava ao seu único senhor .	13	negro	negro
1308	malvada era menos celerada que o negro africano ; este , porém ,	Isso não ... A crioula malvada era menos celerada que o negro africano ; este , porém , fitando nela seus olhos vesgos , disse : – Pai-Raiol quer .	13	negro	negro
1326	preocupavam e menos altiva com o negro que lhe falara debruçado sobre a	Esméria parou : pareceu esquecer as idéias que a preocupavam e menos altiva com o negro que lhe falara debruçado sobre a cerca de pau que separava o quintal do campo , deu logo depois alguns passos para ele e respondeu , rindo-se : – Fui passear , tio Alberto .	13	negro	negro
1327	completo do Pai-Raiol : era um escravo africano de trinta anos de idade	O tio Alberto representava o contraste mais completo do Pai-Raiol : era um escravo africano de trinta anos de idade , e de alta estatura ; tinha fronte elevada , os olhos grandes e brilhantes , a cor preta um pouco luzidia , os dentes brancos e perfeitos , largas espáduas , grossos e bem torneados braços possantes e formas justamente proporcionais : era bonito para a sua raça , um Hércules negro em suma .	13	escravo	escravo
1334	Duas lágrimas rolaram pela face do negro que prosseguiu , dizendo : –	– Pai-Raiol matou ontem a pobre Cativa , a minha cachorrinha coelheira : Cativa não atacava ninguém , e ele matou-a por maldade ... Duas lágrimas rolaram pela face do negro que prosseguiu , dizendo : – Eu podia ensinar a Pai-Raiol ; mas nunca apanhei de meu senhor , e tenho medo do chicote e ... de mim ... tomei o meu partido : hei de perseguir Pai-Raiol até que ele venha tirar bulha comigo .	13	negro	negro
1348	em tom de segredo ; o negro , porém , riu-se e perguntou	Esméria falava a tremer e em tom de segredo ; o negro , porém , riu-se e perguntou : – E hoje ?	13	negro	negro
1353	Ele é feiticeiro , .. O negro ficou impávido ; mas franziu as	– Ele é feiticeiro , .. O negro ficou impávido ; mas franziu as sobrancelhas .	13	negro	negro
1367	destruição de grandiosos sentimentos , o escravo africano , Alberto , pudera salvar	Ao menos , porém , nessa destruição de grandiosos sentimentos , o escravo africano , Alberto , pudera salvar e manter a fidelidade mais exemplar aos parceiros , e a repugnância mais invencível às ciladas covardes que a traição costuma armar às escondidas .	13	escravo	escravo
1368	Alberto , negro sem educação , escravo , e portanto homem condenado às	Alberto , negro sem educação , escravo , e portanto homem condenado às misérias e aos vícios inerentes à baixa condição imposta , era pelo estrago e depravação de suas qualidades capaz de ações atrevidas e criminosas ; levado pelo rancor e pela cólera ousaria matar o seu inimigo , mas sem dúvida o atacaria de frente e mediria suas forças com ele .	13	escravo	escravo
1381	de irritação intestinal ; mas o escravo enfermeiro não viu que ele deitava	Pai-Raiol dois dias antes da terceira lua nova se havia recolhido à enfermaria : o seu estado excluía toda suspeita de manha : tinha febre , claros sintomas de irritação intestinal ; mas o escravo enfermeiro não viu que ele deitava fora os remédios que lhe mandavam dar e que às ocultas mastigava raízes que levara consigo .	13	escravo	escravo
1384	algum dos seus feitiços , o negro africano refalsado e feroz para escapar	Não temendo , mas também não ousando atacar de frente esse inimigo , esperando do tempo ocasião oportuna para propinar-lhe algum dos seus feitiços , o negro africano refalsado e feroz para escapar na lua nova à perseguição de Alberto , fizera-se adoecer com a certeza de poder curar-se .	13	negro	negro
1410	pode matar logo , continuou o negro ; faz dormir o tigre velho	– Esméria não pode matar logo , continuou o negro ; faz dormir o tigre velho , faz forrar o filho , fica forra também , faz o senhor escrever no papel testamento , dá o testamento para o Pai-Raiol guardar : depois cozinha três raízes no café do tigre velho .	13	negro	negro
1413	respondeu , beijando a face do negro que ela aborrecia : – Oh	A crioula fez um esforço supremo de fingimento e com fogo e comoção respondeu , beijando a face do negro que ela aborrecia : – Oh !	13	negro	negro
1425	si , possessa , lançou-se ao negro , abraçando-o , beijando-o e exclamando	A crioula como transportada , fora de si , possessa , lançou-se ao negro , abraçando-o , beijando-o e exclamando com ardor : – Meu marido ! ...	13	negro	negro
1514	não somos iguais : eu sou escravo e ... – Pode ser meu	– Já não somos iguais : eu sou escravo e ... – Pode ser meu senhor , se quiser .	13	escravo	escravo
1532	, não inspirara horror ao altivo negro , que indiferente dissera apenas :	A natureza nobre e generosa de Alberto estava já tão estragada pelo vírus moral da escravidão , tão envenenada pelo aborrecimento em que o escravo , pelo fato de ser escravo , tem ao senhor pelo fato de ser senhor , que o assassinato de Teresa e de seus filhos e o novo envenenamento , o envenenamento de Paulo Borges , não inspirara horror ao altivo negro , que indiferente dissera apenas : “ que importa !	13	negro	negro
1532	envenenada pelo aborrecimento em que o escravo , pelo fato de ser escravo	A natureza nobre e generosa de Alberto estava já tão estragada pelo vírus moral da escravidão , tão envenenada pelo aborrecimento em que o escravo , pelo fato de ser escravo , tem ao senhor pelo fato de ser senhor , que o assassinato de Teresa e de seus filhos e o novo envenenamento , o envenenamento de Paulo Borges , não inspirara horror ao altivo negro , que indiferente dissera apenas : “ que importa !	13	escravo	escravo
1532	escravo , pelo fato de ser escravo , tem ao senhor pelo fato	A natureza nobre e generosa de Alberto estava já tão estragada pelo vírus moral da escravidão , tão envenenada pelo aborrecimento em que o escravo , pelo fato de ser escravo , tem ao senhor pelo fato de ser senhor , que o assassinato de Teresa e de seus filhos e o novo envenenamento , o envenenamento de Paulo Borges , não inspirara horror ao altivo negro , que indiferente dissera apenas : “ que importa !	13	escravo	escravo
1535	Esméria estremecera , ouvindo ao inteligente negro a explicação da morte das suas	Esméria estremecera , ouvindo ao inteligente negro a explicação da morte das suas vítimas .	13	negro	negro
1539	sempre um branco a oprimir o negro ... – E se for um	Depois dele virá outro sempre senhor , sempre um branco a oprimir o negro ... – E se for um negro ?	13	negro	negro
1544	... e o tio Alberto será escravo de Pai-Raiol ... – Não !	Eu lhe contei tudo : ele me domina pelo terror , não posso resistir ao seu poder ... o senhor morrerá ... meu filho e eu herdaremos a fazenda ... Pai-Raiol impor-se-á , e eu me curvarei ... Pai-Raiol será o senhor , envenenará meu filho ... e o tio Alberto será escravo de Pai-Raiol ... – Não !	13	escravo	escravo
1555	ser meu único senhor ... O negro olhou suspeitoso , mas soberbo para	Oh , tio Alberto , livre-me desse demônio de feiticeiro , e em breve senhora aqui , você há de ser meu único senhor ... O negro olhou suspeitoso , mas soberbo para a crioula , e viu a lascívia abrasando-lhe o rosto .	13	negro	negro
1557	idade e havia vinte que era escravo : Esméria fora a sua paixão	Alberto contava trinta anos de idade e havia vinte que era escravo : Esméria fora a sua paixão mais pronunciada , e ainda então depois de amante do senhor , mas penetrando em sua senzala , despertava nele o antigo ardor do negro escravo apaixonado .	13	escravo	escravo
1565	contas , Alberto mostrava que era escravo , e estragado pela escravidão em	Depois ... provavelmente Paulo Borges morreria ... Depois , Esméria e Alberto não se separariam mais ... Por fim de contas , Alberto mostrava que era escravo , e estragado pela escravidão em que caíra havia vinte anos .	13	escravo	escravo
1636	de terreno separavam a palhoça do negro de um fundo precipício ; o	A senzala do Pai-Raiol era isolada e levantava-se no cabeço desse outeiro que por detrás docemente se ia debruçando até a planície : pela frente três braças de terreno separavam a palhoça do negro de um fundo precipício ; o pequeno monte acabava ali quase em ponta mais que íngreme , escarpado ; a alguns palmos abaixo do solo mostravam-se as espinhas agudas da rocha , saliências desiguais , triangulares , tortuosas , pontudas , e no fundo , aos pés do outeiro o rio a correr , gemendo , sobre pedras cortantes e separadas em multidão de pedaços de granito .	13	negro	negro
1641	e Lourença no fundo e o negro imóvel na frente da senzala não	Paulo Borges e Lourença no fundo e o negro imóvel na frente da senzala não se tinham descoberto , não se podiam ver .	13	negro	negro
1674	no ar ; mas o Hércules negro cansou de esperar , e afrontando	Cinco minutos talvez durava já o estéril manejo de saltos e negaças , de ataques e de golpes perdidos no ar ; mas o Hércules negro cansou de esperar , e afrontando o machado atirou-se frente a frente ao Pai-Raiol com ímpeto tão pouco esperado , que o instrumento da morte caiu sobre ele , quando seu corpo já estava pregado ao corpo de Pai-Raiol .	13	negro	negro
1689	braços de Hércules o corpo do negro odiado , e avançando dois passos	O vencedor inundado pelo próprio sangue e pelo sangue do inimigo , retirou então do estômago deste seu joelho rochedo , e ouviu por breve instante e com assanhada fúria o estertor do moribundo que estava a seus pés , e arquejante de fadiga , mas raivoso ainda , curvou-se de novo , levantou em seus braços de Hércules o corpo do negro odiado , e avançando dois passos , atirou-o no fundo de pedregoso precipício .	13	negro	negro
1693	sobressaltado exclamou : – Soltem esse negro , que salvou-me do meu assassino	Mas Paulo Borges surgiu então do meio das ervas e da grama , e ainda trêmulo e sobressaltado exclamou : – Soltem esse negro , que salvou-me do meu assassino : amanhã eu lhe darei carta de liberdade .	13	negro	negro
1775	país onde se tolera o serviço escravo , ressente-se por força da infecção	Porque ainda a mais escrupulosa , a mais digna e verdadeiramente nobre sociedade de país onde se tolera o serviço escravo , ressente-se por força da infecção terrível e inevitável dessa peste que se chama escravidão .	13	escravo	escravo
1778	pela sabedoria não possui um só escravo , nem admite escravo algum em	Aí tendes no Brasil , na capital do Império , por exemplo , a família mais rica e mais sábia , que pela sabedoria não possui um só escravo , nem admite escravo algum em seu lar , e pela riqueza pode dar a mais esmerada e perfeita educação à filha querida , que é criada e cultivada como tulipa ou rainúnculo em estufa .	13	escravo	escravo
1778	um só escravo , nem admite escravo algum em seu lar , e	Aí tendes no Brasil , na capital do Império , por exemplo , a família mais rica e mais sábia , que pela sabedoria não possui um só escravo , nem admite escravo algum em seu lar , e pela riqueza pode dar a mais esmerada e perfeita educação à filha querida , que é criada e cultivada como tulipa ou rainúnculo em estufa .	13	escravo	escravo
1798	, a corrupção do homem feito escravo , e nos países que mantêm	E não vos queixeis : a culpa deste grande mal é mais nosso do que dos escravos ; porque nós todos reconhecemos que a escravidão produz o aviltamento , a ignomínia , a torpeza , a corrupção do homem feito escravo , e nos países que mantêm a escravidão , os pais colocam o aviltamento , a igtomínia , a torpeza , a corrupção ao lado de suas filhas .	13	escravo	escravo
2190	de saraus e de teatros , escravo de seus caprichos , complacente ,	A irrefletida moça , pensando em Frederico , sentia como uma espécie de temor daquele homem tão sério : menos ligeira e precipitada acharia no desenvolvimento desse sentir , que se lhe afigurava temor , a fonte puríssima do amor que lhe parecia impossível e que se basearia na estima perfeita das grandes e nobres qualidades do amado ; ela , porém , afastava do seu espírito a imagem daquele feio moço-velho , e sonhava com um marido bailarino , apaixonado de saraus e de teatros , escravo de seus caprichos , complacente , primeiro incensador de sua vaidade , e até cúmplice louco ou cego com a ostentação de sua formosura exigente de cultos na sociedade elegante .	13	escravo	escravo
2255	mal que fazemos : porque o escravo condenado à ignomínia dá o fruto	– Banindo-se a escravidão , que nos desmoraliza ; que é nossa inimiga natural , que nos faz mal em troco do mal que fazemos : porque o escravo condenado à ignomínia dá o fruto da ignomínia à sociedade que o oprime , e pune a opressão , corrompendo o opressor .	13	escravo	escravo
2863	, tenebrosa e fatal do elemento escravo , de uma vítima-algoz em proveito	O francês , especulador imoral , explorava os vícios e a influência maléfica , tenebrosa e fatal do elemento escravo , de uma vítima-algoz em proveito de seus planos egoístas e infames .	13	escravo	escravo
2988	a Souvanel , no quarto do escravo , por onde se mostrava caminho	Frederico o não pensava , e a mucama escrava predispondo a conferência reclamada , exigida em duas e três cartas vulcânicas por dia , encorajava , excitava Souvanel , recebendo-o em desoras por mais de uma vez no quarto do pajem , o fiel de Florêncio , e vendido a Souvanel , no quarto do escravo , por onde se mostrava caminho aberto para se ir ter ao quarto da donzela .	13	escravo	escravo
3069	Comprara a janela do quarto do escravo , do pajem fiel de Florêncio	Comprara a janela do quarto do escravo , do pajem fiel de Florêncio da Silva , e em desoras ali era recebido por Lucinda ; porque sem Lucinda lhe seria talvez impossível chegar até Cândida .	13	escravo	escravo
3171	lábios da senhora tocaram o ouvido negro da escrava e murmuraram : –	Todo o ruído que assinala a vida cessara , todo , exceto o tiquetaque da pêndula do relógio da sala de jantar , que marcava a marcha do tempo sempre em marcha ... O relógio anunciou três horas da madrugada ... Como um espectro a negra mucama , em camisa , avançou pé por pé para o leito da senhora , que chorava , e que a encarou tremendo e perguntando-lhe com o olhar desvairado o que havia ... Lucinda não falou ; porém com eloqüentes gestos indicou que Souvanel esperava Cândida no quarto do pajem ... Cândida retorceu-se desesperada no leito ... A mucama fez com as mãos sinal de fuga e de morte ... A donzela saltou do leito vestida com simples roupão finíssimo , com os cabelos soltos , com os seios a palpitar entonados sob o véu transparente ... Os brancos lábios da senhora tocaram o ouvido negro da escrava e murmuraram : – Vamos ... Mas a dois passos Cândida titubeou e seu corpo abandonou-se inerte nos braços da escrava .	13	negro	negro
3189	novo para a vela o pescoço negro , e , malvada , apagar	Cândida via finalmente Souvanel , trazido pela mão da escrava até o seu leito , e via ainda a escrava chegar-se à vela ... estender o pescoço ... retraí-lo depois ... voltar o rosto e com olhos ardentes , com dois braseiros nos olhos contemplar Souvanel e a vítima indefesa ... e imediatamente estender de novo para a vela o pescoço negro , e , malvada , apagar a luz ! ...	13	negro	negro
3240	a minha senhora , como seu escravo , e que minha senhora pode	A mucama respondeu : – Ele diz que está pronto a obedecer a minha senhora , como seu escravo , e que minha senhora pode impor-lhe todo e qualquer sacrifício , na certeza de ver cumprida a sua vontade , menos só ... – Menos quê ?	13	escravo	escravo
3391	entendeu-se com o pajem , o escravo fiel de Florêncio da Silva ,	Para conseguir tanto , Dermany arrostou os perigos a que se expunha na cidade do Rio de Janeiro , e escondido de dia , e tomando à noite uma libré de lacaio , falou e entendeu-se com o pajem , o escravo fiel de Florêncio da Silva , renovou ainda no quarto do pajem os seus encontros secretos com Lucinda , mostrou-se cada vez dela mais apaixonado , deslumbrou-a com a perspectiva do futuro brilhantemente escandaloso , que lhe preparava , e teve a certeza de contar com ela para entregar-lhe Cândida .	13	escravo	escravo
